publishedAt,categoryId,id_label,channelId,channelTitle,commentCount,description,dislikeCount,likeCount,title,vidId,viewCount,search_query
2013-06-29T14:00:31.000Z,28,Science & Technology,UCZDA1kA3y3EIg25BpcHSpwQ,Tinkernut,2700,"üìñüìï GET THE NEW TINKERNUT BOOK: http://bit.ly/Tinkernutbook üìïüìñ
Python is a really easy programming language for beginners. What better way to showcase it's range of abilities than making a simple keylogger.",794,18778,How To Make A Simple Python Keylogger,8BiOPBsXh0g,1163811,how_to_program_python
2014-10-26T03:34:35.000Z,27,Education,UCbW3Pcp-8Gz9QMKALqlY5nQ,EngFluent,2836,"If you want a step-by-step tutorial on this technique, visit the page below: http://engfluent.com/imitation-tutorial/ Discover a way to practice speaking English alone to improve your spoken English. This approach can help improve several aspects of your pronunciation, your grammar, your sentence structure, your vocabulary, and your ability to communicate with others in English.",2524,110354,How to improve your English speaking skills (by yourself),CAU2zx2Ri_M,6863212,how_to_improve_yourself
2014-11-10T19:59:22.000Z,27,Education,UCwRXb5dUK4cvsHbx-rGzSgw,Derek Banas,7193,"Get the Cheat Sheet Here : http://goo.gl/Rv01oG
Subscribe to Me: http://bit.ly/2FWQZTx
Best Book on Python : http://amzn.to/1NxiMLo
Beginner Python Tutorial : https://www.youtube.com/playlist?list=PLGLfVvz_LVvTn3cK5e6LjhgGiSeVlIRwt
Like the channel? Consider becoming a Patreon! Check it out here:
‚ñ∫‚ñ∫ https://www.patreon.com/derekbanas
Install : http://youtu.be/N4mEzFDjqtA?t=17s
Basics : http://youtu.be/N4mEzFDjqtA?t=2m23s
Arithmetic : http://youtu.be/N4mEzFDjqtA?t=4m21s
Strings : http://youtu.be/N4mEzFDjqtA?t=5m54s
Lists / Arrays : http://youtu.be/N4mEzFDjqtA?t=8m8s
Tuples : http://youtu.be/N4mEzFDjqtA?t=12m24s
Dictionary : http://youtu.be/N4mEzFDjqtA?t=13m37s
Conditionals : http://youtu.be/N4mEzFDjqtA?t=15m46s
For Loop : http://youtu.be/N4mEzFDjqtA?t=19m41s
While Loop : http://youtu.be/N4mEzFDjqtA?t=21m57s
Functions : http://youtu.be/N4mEzFDjqtA?t=24m59s
User Input : http://youtu.be/N4mEzFDjqtA?t=26m34s
String Functions : http://youtu.be/N4mEzFDjqtA?t=26m57s
File I/O : http://youtu.be/N4mEzFDjqtA?t=30m11s
Classes / Objects : http://youtu.be/N4mEzFDjqtA?t=32m4s
Constructors : http://youtu.be/N4mEzFDjqtA?t=34m39s
Inheritance : http://youtu.be/N4mEzFDjqtA?t=37m24s
Overwriting Functions : http://youtu.be/N4mEzFDjqtA?t=37m58s
Overloading Functions : http://youtu.be/N4mEzFDjqtA?t=39m47s
Polymorphism : http://youtu.be/N4mEzFDjqtA?t=41m19s
I have received a ton of requests to make a Python programming tutorial in which I teach pretty much everything in one video.
I'll cover modules, comments, print, arithmetic operators, order of operation, lists, tuples, dictionaries, conditional operators, logical operators, if, else, elif, loops, for, while, break, continue, functions, return, readline(), string operators, file i/o, classes, objects and much more.
*Watch More Learn in One Videos*
‚ñ∫‚ñ∫ Java - https://youtu.be/n-xAqcBCws4
‚ñ∫‚ñ∫ C++ - https://youtu.be/Rub-JsjMhWY
‚ñ∫‚ñ∫ Python - https://youtu.be/N4mEzFDjqtA
‚ñ∫‚ñ∫ MySQL - https://youtu.be/yPu6qV5byu4
‚ñ∫‚ñ∫ PHP - https://youtu.be/7TF00hJI78Y
‚ñ∫‚ñ∫ Kotlin - https://youtu.be/H_oGi8uuDpA
‚ñ∫‚ñ∫ C# - https://youtu.be/lisiwUZJXqQ
‚ñ∫‚ñ∫ JavaScript - https://youtu.be/fju9ii8YsGs",1621,68065,Python Programming,N4mEzFDjqtA,5036689,how_to_program_python
2015-11-20T19:52:56.000Z,2,Autos & Vehicles,UCNBbCOuAN1NZAuj0vPe_MkA,Car Throttle,3053,"EXPLORE OUR SELECTION OF CAR PARTS HERE: https://uk.carthrottle.com/pages/car-parts
SUBSCRIBE AND WIN AN XBOX ONE + FORZA 6
Fashions come and go, and technology quickly goes out of date, so it'll be interesting to see exactly what our future selves will look back on and laugh at...
Subscribe to Car Throttle: http://bit.ly/CTSubscribe
----- Follow Car Throttle -----
Subscribe to Car Throttle: http://bit.ly/CTSubscribe
On our website: http://www.carthrottle.com
On Facebook: http://www.facebook.com/carthrottle
On Twitter: http://www.twitter.com/carthrottle
----- Music by -----
Tom Kent: http://www.tomkentmusic.co.uk
YouTube: http://youtube.com/tomkentmusic
---- Credits ----
‚ÄúStarting line‚Äù by Jon Marshall
http://bit.ly/218STos
‚ÄúLuck Dip‚Äù by Chris_Parfitt
http://bit.ly/1Lr0lzL
‚Äúbackspace‚Äù by ElbridgeGerry
http://bit.ly/1S9n1Kc
‚ÄúLIU Chun Ki: Dasein: Look 6 / PolyU Fashion Show 2013 / SML.20130626.6D.16970‚Äù by See-ming Lee
http://bit.ly/1XeVZme
‚ÄúPuddle Lights | Kia Accessories‚Äù by Kia Motors America
https://www.youtube.com/watch?v=qS1vcpvp1Xk
‚ÄúFuji‚Äù by Chad
http://bit.ly/1Lr0nYt
‚ÄúBritish Drift Championship round 5 - Anglesey Circuit‚Äù by Mathew Bedworth
http://bit.ly/1Nh80YW
‚ÄúDrift Atlanta 25Apr04 205‚Äù by ChuckSchultz
http://bit.ly/1Hd3CrB
‚Äú2013-12-11‚Äù by Drive Addiction
http://bit.ly/1SMLzZI
‚ÄúInfrared me‚Äù by elPadawan
http://bit.ly/1S9n8We
‚ÄúPolaroid Land Camera 1000‚Äù by Fallen Angel / Angel Caido
http://bit.ly/1NHq8p6
‚ÄúÏöïÎßù ÏãúÎ¶¨Ï¶à - eat, by ÍπÄÎ™©Ìôî‚Äù by Photo and Share CC
http://bit.ly/1QyKXt1
‚ÄúDumped old TV‚Äù by Ruocaled
http://bit.ly/1Nh85f5
‚ÄúBinoculars‚Äù by Andy Wright
http://bit.ly/1OjnMzo
‚ÄúPagani Huayra in London‚Äù by Seen Through Glass
https://www.youtube.com/watch?v=8v35Pdrj-O4
‚ÄúChrome Blue Lamborghini Aventador AKA Big Blue‚Äù by Axion23
http://bit.ly/1QTu3EL
‚ÄúGoogle's in house driverless car design‚Äù by Michael Shick
http://bit.ly/1kLsAUJ",1629,24636,7 Car Trends We&#39;ll Mock In 10 Years,pZsfxh5eQ88,1989828,worst_car_trends
2015-12-31T00:56:07.000Z,24,Entertainment,UCY3J7ceowh1kNrx283xtuYw,Top Trends,3887,"Top 10 FASTEST Cars in the World 2016 - Welcome to Top Trends, today we look at The 10 Fastest Car in the World - Be sure to Subscribe to Top Trends HERE - http://goo.gl/mPyBD8 Top Trends Facebook:
http://www.facebook.com/TopTrends
Subscribe to:
http://www.TopTrends.com
Narrated and edited by:
https://www.youtube.com/user/GrantyGame
https://www.youtube.com/user/GrantyGame
What should we do next? Let us know in the comments!
DiscoSmurf - Money
https://www.youtube.com/watch?v=eU2cuw9BV7w
https://soundcloud.com/discosmurf
Top 10 FASTEST Cars in the World 2016",2102,21982,Top 10 FASTEST Cars in the World 2016 (Top Trends),WAbMnu55lys,3655597,worst_car_trends
2016-09-22T12:30:00.000Z,2,Autos & Vehicles,UCsAegdhiYLEoaFGuJFVrqFQ,MotorTrend Channel,5616,"This is the eighth running of BDC, Motor Trend‚Äôs annual Best Driver‚Äôs Car competition powered by Mothers‚Äîand the editors agree this was the most difficult contest yet. Join Motor Trend Senior Features Editors Jason Cammisa and Jonny Lieberman and SCCA Hall of Fame race car driver Randy Pobst as they blast their way through this year‚Äôs 12 hottest cars. The crew tests the cars on the road then heads to Mazda Raceway Laguna Seca to test them on the track. Then, of course, they choose a winner. This year‚Äôs competitors include the Acura NSX, Aston Martin V12 Vantage S manual, Audi R8 V10 Plus, BMW M4 GTS, Chevrolet Camaro SS 1LE, Dodge Viper ACR, Ford Mustang Shelby GT350R, Jaguar F-Type SVR, McLaren 570S, Mercedes-AMG GT S, Nissan GT-R, and Porsche 911 Carrera S.
Subscribe now to make sure you're in on all the action!
https://www.youtube.com/subscription_center?add_user=motortrend
Facebook - http://facebook.com/motortrendmag
Twitter - http://twitter.com/motortrend
Google+ - https://plus.google.com/101867967859016552744/posts
Website - http://www.motortrend.com",1950,29405,Picking the 2016 Motor Trend Best Driver&#39;s Car!,R4f4q52J9qY,3840265,worst_car_trends
2016-12-10T00:31:34.000Z,2,Autos & Vehicles,UCgUvk6jVaf-1uKOqG8XNcaQ,savagegeese,10384,"We take a quick look at our two biggest issues with modern cars and how it effects the average consumer as well as automotive enthusiasts. While some buyers may eat up the marketing, PR and spec sheets, as time passes the glitz fades into a costly pool of obsolete equipment and repairs.
Some of the content is satire, comedic however much of the discussion is about the serious state of modern technology in cars.
Goose Footage Licensed by: Philip Bloom
Authorized Usage Between 2015 through 1/3/2017
http://www.philipbloom.net/",6174,25225,The Biggest Problem With Modern Cars,M3FDu8KvXOg,1247696,worst_car_trends
2017-01-31T04:13:33.000Z,24,Entertainment,UCf9_s9ii6BZ-klpgmtIi3WQ,Team Fearless,5767,"Push yourself every day, to become the very best version of yourself. You don't need to compete with others, just work on becoming better EVERY SINGLE DAY. Best Version Of Yourself - Motivational Video by Fearless Motivation Speakers: Bryan Burton, William Hollis, Chris Ross - https://goo.gl/B2LP8C Words with thanks to Omar Malas Edited By Fearless Motivation Books We Recommend: https://www.fearlessmotivation.com/self-help-books/ DOWNLOAD or STREAM the track to any device, WORLDWIDE! iTunes, Spotify, GooglePlay, Rhapsody, Apple Music or AmazonMP3 - Details here: https://goo.gl/B2LP8C Follow Fearless Motivation: Facebook: http://www.facebook.com/fearlessmotivationofficial Twitter: https://twitter.com/fearlessmotivat Soundcloud: https://soundcloud.com/fearlessmotivation iTunes: https://goo.gl/drVMD3 GooglePlay: goo.gl/klEKrE Spotify: https://goo.gl/nJNzF3 Amazon MP3: http://amzn.to/1DoHUio FEARLESS MOTIVATION Official Apparel & Merch store: https://goo.gl/Q3VnLi GREATEST HITS MOTIVATIONAL ALBUM OUT NOW! Download to any device, worldwide! GO: https://goo.gl/K8bb31 *** WANT TO USE THIS TRACK IN YOUR YOUTUBE VIDEO? NO PROBLEM! Click here for full details: http://www.fearlessmotivation.com/youtube-free-music-motivational-speeches-videos/ Music Used: https://goo.gl/ISFAZh ""Anything Is Possible"" from the album ""SOUNDS OF POWER VOL.3"" Download the album here: https://goo.gl/ISFAZh License details for music and speech use: https://goo.gl/c9BL0P Share, Comment, Subscribe :)",2882,304309,Best Version Of Yourself - Motivational Video,lkDBImBAmN0,6456690,how_to_improve_yourself
2017-03-14T06:31:38.000Z,28,Science & Technology,UChq-hwCSHz-PbXzO2WlUFpg,JA Creations,3546,"~~~~~~THANKS FOR WATCHING~~~~~~
PLEASE LIKE, COMMENT AND SUBSCRIBE
üî¥ Subscribe to our channel üôåüôåüôå :- https://www.youtube.com/JACreations
Check Out these videos also :-
Top 5 Best Smartphones Under Rs.10000 ($150) | 2017 :- https://youtu.be/yEZvDhXjK4I
Top 5 Best Laptops of 2017 | Windows :-https://youtu.be/kvQfFw_kSw8",11286,63289,Top 5 Upcoming Smartphones | You Need to See,f5xiFB642ic,9289145,best_smart_phones_of_2019
2017-06-10T22:36:28.000Z,28,Science & Technology,UCrUL8K81R4VBzm-KOYwrcxQ,Engineer Man,2514,"A little challenge and fun video I did where I create a snake game using Python in under 5 minutes.
Hope you enjoyed the video!
Check out this code here:
https://github.com/ebrian/engineerman/tree/master/015
Join my Discord server to chat with me:
https://discord.gg/k5VcqDP
Check out some code on my GitHub:
https://github.com/ebrian/engineerman
Tweet me something funny on Twitter:
https://twitter.com/_EngineerMan
Say hi over at Facebook:
https://www.facebook.com/engineermanyt
Sincerely,
Engineer Man",923,49400,Creating a Snake game with Python in under 5 minutes,rbasThWVb-c,1033206,how_to_program_python
2017-07-05T12:30:02.000Z,27,Education,UCsNlfrFsaR0ovlnjFLzlGIQ,Law of Attraction Coaching,2469,"FIND YOURSELF (BEST MOTIVATIONAL VIDEO 2018) Figuring out who we are and what we want out of life can be challenging if at any point you, like me, veered off the course of self-exploration and self-acceptance. But eventually, life smacks us in the face enough times that we‚Äôre forced to admit the truth: we‚Äôre totally lost. In that moment, there is surrender to something much bigger than our individual selves, and we start this journey again. Only this time, we‚Äôre present; we‚Äôre tuned in to what‚Äôs up, and we‚Äôre ready. The path to figuring it all out requires a determination to stay committed to the trail, to hang on and keep moving forward, even when it gets tough ‚Äì which it does. We travel to our darkest depths inside ourselves and see everything we‚Äôve hidden, covered up, locked, and repressed. It all surfaces and it‚Äôs a wild ride. But, there‚Äôs a light at the end of the tunnel: our perspectives about our selves and this life shift tremendously and open the doors for some miraculous opportunities, love, and peace. I‚Äôve learned some of these lessons the hard way, but once I learned them, life became a lot clearer and the road to wherever I‚Äôm going piqued by becoming effortless and enjoyable in more moments than not. There are still times that arise which aren‚Äôt so picturesque, I‚Äôm just better equipped to ride that rocky wave and can remind myself to settle into what I know. *CREDIT Tony Robbins, TOM BILYEU, Les Brown, Gary Vaynerchuk Visit Tony Robbins' websites: https://www.tonyrobbins.com/ http://www.unshakeable.com/ Follow Tony Robbins @: Facebook: https://www.facebook.com/TonyRobbins Twitter: https://twitter.com/tonyrobbins LinkedIn: https://www.linkedin.com/in/ajrobbins Google+: https://plus.google.com/+TonyRobbins Instagram: https://instagram.com/tonyrobbins/ Youtube: https://www.youtube.com/user/TonyRobbinsLive ‚ñ∫ Subscribe to Gary Vaynerchuk‚Äôs Channel Here --https://www.youtube.com/user/GaryVaynerchuk Follow Gary Vaynerchuk Online Here: Instagram: http://instagram.com/garyvee Facebook: http://facebook.com/gary Snapchat: http://snapchat.com/add/garyvee Website: http://garyvaynerchuk.com Soundcloud: http://soundcloud.com/garyvee/ Twitter: http://twitter.com/garyvee Medium: http://medium.com/@garyvee Planet of the Apps: http://planetoftheapps.com Podcast: http://garyvaynerchuk.com/podcast Wine Library: http://winelibrary.com Subscribe to Gary Vaynerchuk‚Äôs VIP Newsletter for exclusive content and weekly giveaways here: http://garyvee.com/GARYVIP http://lesbrown.com/ More Info - http://www.lesbrown.com/‚Äé Email - yes@lesbrown.com Facebook - https://www.facebook.com/Brown.Les FOLLOW TOM BILYEU TWITTER: http://bit.ly/2iyjY5P INSTAGRAM: http://bit.ly/2j7vqX8 FACEBOOK: http://bit.ly/2hPStWo FAIR-USE COPYRIGHT DISCLAIMER * Copyright Disclaimer Under Section 107 of the Copyright Act 1976, allowance is made for ""fair use"" for purposes such as criticism, commenting, news reporting, teaching, scholarship, and research. Fair use is a use permitted by copyright statute that might otherwise be infringing. Non-profit, educational or personal use tips the balance in favour of fair use. 1)This video has no negative impact on the original works 2)This video is also for teaching and inspirational purposes. 3)It is not transformative in nature. Law Of Attraction Coaching does not own the rights to these images, videos and audio files. They have, in accordance with fair use, been repurposed with the intent of educating and motivate others. However, if any content owners would like their images removed, please contact us by email at innergrowth.inc@gmail.com",5423,97438,FIND YOURSELF (BEST MOTIVATIONAL VIDEO 2018),vXHLTV0wx8M,5632703,how_to_improve_yourself
2017-09-18T23:21:23.000Z,2,Autos & Vehicles,UCAq4q9UhzPS1wkpHuhph0kQ,Top Curious,3297,"10 Banned Cars You Aren't Allowed To Drive
Subscribe for more Top 10 videos: http://bit.ly/Top10z
Cars! They get us from point A to point B in style, comfort, and with speed. A car is more than just a vehicle, it‚Äôs also a status symbol, a safety device, and a tool. Some cars, however; take one or more of those aspects too far and become either dangerous or stupid or both! These are 10 Banned Cars You Can‚Äôt Drive In America! There are actually a lot of cars that are banned in America for one reason or another, so I tried to find the weirdest!
- More Top 10 Trends Videos - Trending Now! ‚ñ∫ https://goo.gl/6iOjv4
YouTuber Top 10s ‚ñ∫ http://goo.gl/K1CSy3
Gaming Top 10s ‚ñ∫ https://goo.gl/x5wC6g
10 Things You Won't Believe Exist! ‚ñ∫ https://goo.gl/9W00nj
Featured Cars:
10. 1992 Smart Crossblade
9. 2005 Beijing Auto Industrial Holding Rodedawg
8. Chevrolet/Suzuki Jimny
7. Land Rover Defender 130
6. Mercedes-Benz Unimog
5. Donkervoort D8 GTO Blister Berg Edition
4. Pagani Zonda Cinque Roadster
3. KTM X-Bow
2. Morgan V6
1. Weismann GT MF5
Top 10 Trends is a Top 10 channel that produces informative, fascinating, and engaging educational entertainment list videos. Watch our viral, trending, creepy, crazy, funny, controversial, hilarious, and mysterious list videos. Your #1 facts source for Top 5 / Top 10 content!
Follow us on Twitter!
https://twitter.com/Top10Trendz
Voiceover by: https://www.youtube.com/SonOfAMitchShow",8219,15432,10 Banned Cars You Can&#39;t Drive,LMiWVXUejTY,4018082,worst_car_trends
2017-10-26T14:40:33.000Z,27,Education,UCBIt1VN5j37PVM8LLSuTTlw,Improvement Pill,3951,"The Tamed Course was made possible by the Patrons of this channel. If you want to help support the channel, and help me continue to make content like this check out: https://www.patreon.com/ImprovementPill In this lesson, we're going to cover 3 of the most powerful habits you can add to your life. Then you're going to sit down and think about which habit you're going to focus on for the rest of this course (a good habit that you're going to work on everyday until it hits that line of automaticity) This is Lesson #4 of the Tamed Course To watch the previous lesson(s) click right here: https://www.youtube.com/watch?v=b2njoDynrSY&list=PLE_vQWWxgaiED3B2gbKWzXItVNIQErstT&index=3 Check Out My Videos On The Benefits Of Reading: https://www.youtube.com/watch?v=xqMozc4K4pg&index=1&list=PLE_vQWWxgaiHUFB8zsbcEYqJL0GHGdMLi Check Out My Videos On Meditation: https://www.youtube.com/watch?v=gvJLmVYVvVM&index=2&list=PLE_vQWWxgaiFqTcd490tyRL0y7Q1HovZ5 If You Are Interested In Coaching: Email Me At ImprovementPill@Gmail.com",1716,69996,3 Habits That Will Change Your Life,7DSscQlSZR4,2776552,how_to_improve_yourself
2017-12-26T14:57:53.000Z,27,Education,UCxX9wt5FWQUAAz4UrysqK9A,CS Dojo,4235,"Learn Python programming with this Python tutorial for beginners!
Tips:
1. Here is the playlist of this series: https://goo.gl/eVauVX
2. If you want to learn faster than I talk, I‚Äôd recommend 1.25x or 1.5x speed :)
3. Check the outline in the comment section below if you want to skip around.
4. Download the sample files here to follow along (they are Jupyter Notebook files): https://www.csdojo.io/python1
5. Have fun! If anything is unclear, please let me know in a comment.
Keep in touch on Facebook: https://www.facebook.com/entercsdojo
Subscribe to my newsletter: https://www.csdojo.io/news
Support me on Patreon: https://www.patreon.com/csdojo
Outline (check the comment section for a clickable version):
0:00 : Introduction
0:17 : Who‚Äôs this tutorial for?
0:30 : An outline of this video
1:18 : What is Python and what can you do with it?
2:01 : What is IDE and why I chose Jupyter Notebook
3:09 : How Jupyter Notebook works
4:19 : How to install Python and Jupyter (through Anaconda)
5:58 : Launching Jupyter
7:59 : The print() function
10:24 : Introduction to variables
13:08 : What are variables (in Python)?
16:42 : Assigning a variable to another variable
19:03 : A practice problem - swapping two variables
20:40 : Solutions to the practice problem - swapping two variables",950,59752,Python Tutorial for Absolute Beginners #1 - What Are Variables?,Z1Yd7upQsXY,2986767,how_to_program_python
2018-01-18T08:04:14.000Z,22,People & Blogs,UCBqFKDipsnzvJdt6UT0lMIg,Sandeep Maheshwari,3728,"Sandeep Maheshwari is a name among millions who struggled, failed and surged ahead in search of success, happiness and contentment. Just like any middle class guy, he too had a bunch of unclear dreams and a blurred vision of his goals in life. All he had was an undying learning attitude to hold on to. Rowing through ups and downs, it was time that taught him the true meaning of his life. To know more, log on to www.sandeepmaheshwari.com Connect with him at Facebook.com/SandeepMaheshwariPage Watch his inspirational videos at Youtube.com/SandeepSeminars Music: Youtube Music Library",1525,71846,Focus on Yourself - By Sandeep Maheshwari I Hindi,oB09kuJa-Eg,2809851,how_to_improve_yourself
2018-01-31T19:50:30.000Z,2,Autos & Vehicles,UCy5vioLc5byL7Bg0qeWf5og,Viral Vehicles,3380,"Subscribe to Viral Vehicles: http://bit.ly/2t6hVJ1
Credits below
69Pitbull69 - https://youtu.be/NEQ2RTC82Ss
Human675 - https://youtu.be/Zw7IfeDWwsU
Janet McKnight - https://flic.kr/p/2q3ycb
Blond Super - https://youtu.be/g0x_UxO6rBg
Hansel BMW of Santa Rosa - https://youtu.be/fj5jpKfSYS8
Jo. - https://flic.kr/p/7WEax8
dailymatador - https://flic.kr/p/7nFrwe
KƒÅrlis DambrƒÅns - https://flic.kr/p/s2ht14
KƒÅrlis DambrƒÅns - https://flic.kr/p/s2ht14
Craig Chew-Moulding - https://flic.kr/p/8S9wpU
Ray Forster - https://flic.kr/p/foC43n
Yahya S. - https://flic.kr/p/sqtjr5
Jeff Wilcox -https://flic.kr/p/nthXkV
M 93: ‚ÄûDein Nordrhein-Westfalen - https://flic.kr/p/MVVqWa",1999,12001,9 Annoying Car Features We Never Actually Wanted!! ü§î,HU3syxgOVYY,759788,worst_car_trends
2018-04-10T09:05:41.000Z,28,Science & Technology,UCOhHO2ICt0ti9KAh-QHvttQ,Technical Guruji,10654,"Namaskaar Dosto, is video mein maine aapse Best Smartphones ke baare mein baat ki hai, meri recommendations best phones ki aapke liye kya rahengi 5499Rs se leke 100000Rs tak yahi maine aapko is video mein bataya hai, Maine koshish ki hai ki meri taraf se aapko best possible options mile apne phone ke liye. Maine is video mein aapse meri choices share ki hai ek best phone ke liye. Mujhe umeed hai ki aapko yeh video pasand aayegi. Share, Support, Subscribe!!!
Subscribe: http://bit.ly/1Wfsvt4
Android App: https://technicalguruji.in/app
Youtube: http://www.youtube.com/c/TechnicalGuruji Twitter: http://www.twitter.com/technicalguruji
Facebook: http://www.facebook.com/technicalguruji
Facebook Myself: https://goo.gl/zUfbUU
Instagram: http://instagram.com/technicalguruji
Google Plus: https://plus.google.com/+TechnicalGuruji
Website: https://technicalguruji.in/
Merchandise: http://shop.technicalguruji.in/
About : Technical Guruji is a YouTube Channel, where you will find technological videos in Hindi, New Video is Posted Everyday :)",5065,83429,Best Smartphones to Buy? (5499Rs - 100000Rs) Best Phones in All Budget Categories?,-3eDbL7wELg,2814968,best_smart_phones_of_2019
2018-05-03T16:16:57.000Z,27,Education,UCR7c9WyYPQRfB8yBjmYYlzg,NikoLogy,3331,"16 Practical Tips To Improve Yourself Self Improvement Tips Hindi In This video me aapko bataunga kaise hm apne aap ko or behtr bana skte hai.. ham apni life ko jitna simple banyenge utni hee jaldi hame success milegi to success ke liye pehla kadam hona chahiye apne aap ko behtr banana to is video me mene bataye hai khud ko behtr banane ke 16 tips... Read This Article: https://www.gyanipandit.com/self-improvement-tips-hindi/ Read Inspirational And Motivational Article https://www.nikology.in/ Best Motivational Books to Take Charge of Your Life https://goo.gl/5imJmE Follow NikoLogy for Daily Motivational Videos and And More Inspirational content: YouTube: https://www.youtube.com/nikology Facebook: https://www.facebook.com/nikologyy Instagram: https://www.instagram.com/nikology Twitter: https://twitter.com/nikologyy #Nikology Setup [My Gear]: Mic (Voice-over) - http://amzn.to/2oXTvBj Mic For Live - http://amzn.to/2FGHLwk Pop Filter - http://amzn.to/2p2ijY1 Arm Stand - http://amzn.to/2p2Mzlh Headphones - http://amzn.to/2FH6MI4 Laptop - http://amzn.to/2IgqCs6 Contact Nikology: Leave a Request on our FB Page For business And General inquiries: info@nikology.in At The Nikology you will find a best Motivational and inspirational videos and most powerful speeches for success life and more by Niraj Patel. Nikology Just Want To Help People To Get More Easily Through Difficult Times, I support your thought and your dreams Stay Inspired | Stay fearless Share, Comment, Subscribe :)",2339,60108,16 Practical Tips To Improve Yourself By Nikology | Hindi,iIpeX06xBRM,2521223,how_to_improve_yourself
2018-07-11T18:00:42.000Z,27,Education,UC8butISFwT-Wl7EV0hUK0BQ,freeCodeCamp.org,9097,"This course will give you a full introduction into all of the core concepts in python. Follow along with the videos and you'll be a python programmer in no time!
‚≠êÔ∏è Contents ‚≠ê
‚å®Ô∏è (0:00) Introduction
‚å®Ô∏è (1:45) Installing Python & PyCharm
‚å®Ô∏è (6:40) Setup & Hello World
‚å®Ô∏è (10:23) Drawing a Shape
‚å®Ô∏è (15:06) Variables & Data Types
‚å®Ô∏è (27:03) Working With Strings
‚å®Ô∏è (38:18) Working With Numbers
‚å®Ô∏è (48:26) Getting Input From Users
‚å®Ô∏è (52:37) Building a Basic Calculator
‚å®Ô∏è (58:27) Mad Libs Game
‚å®Ô∏è (1:03:10) Lists
‚å®Ô∏è (1:10:44) List Functions
‚å®Ô∏è (1:18:57) Tuples
‚å®Ô∏è (1:24:15) Functions
‚å®Ô∏è (1:34:11) Return Statement
‚å®Ô∏è (1:40:06) If Statements
‚å®Ô∏è (1:54:07) If Statements & Comparisons
‚å®Ô∏è (2:00:37) Building a better Calculator
‚å®Ô∏è (2:07:17) Dictionaries
‚å®Ô∏è (2:14:13) While Loop
‚å®Ô∏è (2:20:21) Building a Guessing Game
‚å®Ô∏è (2:32:44) For Loops
‚å®Ô∏è (2:41:20) Exponent Function
‚å®Ô∏è (2:47:13) 2D Lists & Nested Loops
‚å®Ô∏è (2:52:41) Building a Translator
‚å®Ô∏è (3:00:18) Comments
‚å®Ô∏è (3:04:17) Try / Except
‚å®Ô∏è (3:12:41) Reading Files
‚å®Ô∏è (3:21:26) Writing to Files
‚å®Ô∏è (3:28:13) Modules & Pip
‚å®Ô∏è (3:43:56) Classes & Objects
‚å®Ô∏è (3:57:37) Building a Multiple Choice Quiz
‚å®Ô∏è (4:08:28) Object Functions
‚å®Ô∏è (4:12:37) Inheritance
‚å®Ô∏è (4:20:43) Python Interpreter
Course developed by Mike Dane. Check out his YouTube channel for more great programming courses: https://www.youtube.com/channel/UCvmINlrza7JHB1zkIOuXEbw
üê¶Follow Mike on Twitter - https://twitter.com/mike_dane
üîóIf you liked this video, Mike accepts donations on his website: https://www.mikedane.com/contribute/
‚≠êÔ∏èOther full courses by Mike Dane on our channel ‚≠êÔ∏è
üíªC: https://youtu.be/KJgsSFOSQv0
üíªC++: https://youtu.be/vLnPwxZdW4Y
üíªSQL: https://youtu.be/HXV3zeQKqGY
üíªRuby: https://youtu.be/t_ispmWmdjY
üíªPHP: https://youtu.be/OK_JCtrrv-c
üíªC#: https://youtu.be/GhQdlIFylQ8
--
Learn to code for free and get a developer job: https://www.freecodecamp.org
Read hundreds of articles on programming: https://medium.freecodecamp.org
And subscribe for new videos on technology every day: https://youtube.com/subscription_center?add_user=freecodecamp",1845,143651,Learn Python - Full Course for Beginners,rfscVS0vtbw,5971131,how_to_program_python
2018-08-20T10:05:19.000Z,28,Science & Technology,UCLWpwxnTXnQsF1-CMphkDjA,Tech Next,2411,"hi Friends.in this video we take a look of Top 5 Upcoming NEXT-GEN Smartphones 2018-19.i hope you all like this video.
SUBSCRIBE To My Channel : https://www.youtube.com/c/technext2?sub_confirmation=1
Contact : technexthelp@gmail.com
Red Hydrogen One Video Credit : MKBHD : https://goo.gl/bfWeoY
Samsung Galaxy S10 Video credit : Concept Creator : https://goo.gl/AV6kTL
#UpcomingSmartphones #Tech #2018
Smartphones List :
1. Samsung Galaxy s10
2. Red Hydrogen One
3. Turing Phone
4. Lenovo Flexible Phone
5. Graalphone ------------------------------------------------------------
Connect Tech Next On Social Media :
üëâ Facebook : https://goo.gl/GQetuL
üëâ Twitter : https://goo.gl/WNhCUA
üëâ Instagram : https://goo.gl/NQViqm
------------------------------------------------------------
Top 5 Upcoming Smartphones 2018
mobile phones
upcoming smartphones
top 5 best budget smartphones
new smartphones 2018
-------------------------------------------------------------
NOTE : we do not own any of the trailers,music,logos,songs shown in the video any they are all the copyrighted contents of the respective owners.",17318,77700,Top 5 Upcoming Smartphones in 2018-19,u6pxs2N07qQ,12000000,best_smart_phones_of_2019
2018-11-14T13:30:53.000Z,2,Autos & Vehicles,UCgUvk6jVaf-1uKOqG8XNcaQ,savagegeese,14482,"We discuss the worst trends of 2018 and 2019 in the automotive world and how it affects the average consumer and enthusiast. The video lists the top 10 items, and we invite the community to embrace the drama and provide feedback. This fun exercise should help car companies improve or delete these features so we can have better products long term.
Some of the content is satire, comedic however much of the discussion is about the serious state of modern problems in cars.
A quiet addition to The Fine Print Series.
Outro Music: Alan Fowler Music",10138,46527,The Worst Trends in Modern Cars and Trucks,OcszMakTHCw,1931428,worst_car_trends
2018-11-18T14:19:53.000Z,2,Autos & Vehicles,UCgUvk6jVaf-1uKOqG8XNcaQ,savagegeese,2829,"Social media has spoken and we listened. Youtube viewers and Reddit fans pick the 2018 and 2019 worst trends in cars, trucks, and SUVs. It's clear this is a hot topic for people in our original video where we listed the top 10 worst patterns. We appreciate all the feedback from the community on this fun exercise. We hope this will help product planners and companies improve and create better products long term.
6:20 - *Nissan Does Variable Compression
Part 1: https://www.youtube.com/watch?v=OcszMakTHCw
Some of the content is satire, comedic however much of the discussion is about the serious state of modern problems in cars.
The next video will cover ""The Best Trends in Modern Cars.""
Outro Music By Alan Fowler
https://www.youtube.com/channel/UCaITe1zSo1BrS-goyAjExTA",442,9328,Viewers Choose Worst Trends in Modern Cars and Trucks | PT2,7kXvFRwM7fM,273515,worst_car_trends
2018-12-16T14:00:07.000Z,2,Autos & Vehicles,UCMokuRp5kBvXuuTMFodsDAQ,Modern Muscle,2039,"In this video, we discuss 10 LETHAL Modern Car Features!",2996,5872,10 LETHAL Modern Car Features!,tRrmoyuuaNc,469974,worst_car_trends
2018-12-19T04:30:34.000Z,28,Science & Technology,UCBJycsmduvYEL83R_U4JriQ,Marques Brownlee,24275,"The best of smartphones in 2018!
üèÜ Show more for all links/phones üèÜ
Top Big Phones [0:53]
Best Compact Phones [2:33]
Best Cameras [4:26]
Best Battery Life [5:54]
The Design Award [7:42]
Top Budget Phones [9:13]
Biggest Bust [10:39]
Most Improved [11:33]
MVP [12:49]
Galaxy Note 9 Review: https://youtu.be/ihEhAbVRC78
Huawei Mate 20 Pro Review: https://youtu.be/MdqKJxyIecE
iPhone XS Review: https://youtu.be/YAF9BWpzwvI
Google Pixel 3 Review: https://youtu.be/E67Klqw2H-E
Samsung Galaxy S9 Review: https://youtu.be/Gzy_nCkn88U
iPhone XR Review: https://youtu.be/xsiV_-o5488
RED Hydrogen One Review: https://youtu.be/bNLgikGu4Yw
Oppo Find X Review: https://youtu.be/GRSfvePdhPA
Xiaomi Pocophone F1 Review: https://youtu.be/ZVoaNzRo0uo
Razer Phone 2: https://youtu.be/pIuSElb3Ous
OnePlus 6T Review: https://youtu.be/_6-XjSvbJsE
MKBHD Merch: http://shop.MKBHD.com
Video Gear I use: http://kit.com/MKBHD/video-gear#recommendation17959
Tech I'm using right now: https://www.amazon.com/shop/MKBHD
~
http://twitter.com/MKBHD
http://snapchat.com/add/MKBHD
http://google.com/+MarquesBrownlee
http://instagram.com/MKBHD
http://facebook.com/MKBHD",6539,187232,Smartphone Awards 2018!,cpIEWsQpRMk,5148772,best_smart_phones_of_2019
2018-12-24T13:53:38.000Z,28,Science & Technology,UC18WQbNSfrqxlIjKeIW3bGQ,ASBYT,2664,"Top 7 BEST Smartphones To BUY Early 2019!
Xiaomi Mi A2 - https://goo.gl/iy6H7t
Samsung galaxy Note 9 - https://amzn.to/2T4SqUI
https://amzn.to/2V5oBVT
OnePlus 6T - https://amzn.to/2SiwoxN
https://amzn.to/2QSl8vC
https://amzn.to/2RdaezB
iPhone Xs Max - https://amzn.to/2V6TdGH
https://amzn.to/2Cv0JUe
Xiaomi Mi Mix 3 - https://goo.gl/W1zkhe
Google Pixel 3 XL - https://amzn.to/2Gy0NXs
https://amzn.to/2Lw719a
Pocophone F1 - https://goo.gl/p75whi https://goo.gl/p75whi
Huawei Mate 20 Pro - https://amzn.to/2Rd9r1B
https://amzn.to/2ShqGwf
This video is my top 7 best smartphones / phones to buy now (December 2018) and early 2019! Some budget, some premium flagship, but all amazing! As people look to the new, upcoming, future smartphones in 2019, the ones we already have on the market might still be a better option to buy! ** Other AMAZING smartphone deals! - https://goo.gl/X6dBHx
** Other Tech DEALS! - https://goo.gl/W8hjqd
** AMAZING NEW TECH DEALS: https://goo.gl/8XS3NC
** TOP 5 BEST VPNS for 2018:
https://goo.gl/qRbfqy
** BRAND NEW ASBYT MERCH!!! U.K. STORE:
https://shop.spreadshirt.co.uk/asbyt
U.S.A STORE: https://shop.spreadshirt.com/Asbyt
** Xiaomi Mi Box Purchase Link: https://goo.gl/p837SP
** BUY A USA NVIDIA SHIELD BEST PRICE: https://goo.gl/AVfx3c
** BUY A UK NVIDIA SHIELD BEST PRICE: https://goo.gl/PC94gs
** 2ND YOUTUBE CHANNEL:
https://www.youtube.com/channel/UCe-LvURal9KvCXVT-ydut0Q?sub_confirmation=1&app=desktop
** FOLLOW ME on TWITTER: https://twitter.com/ASB_YT
** FOLLOW ME on INSTAGRAM: https://instagram.com/asb_yt/ Some of the MUSIC is by www.bensound.com and 'copyrightfreemusic' YouTube channel",1988,18718,Top 7 BEST Smartphones To BUY Early 2019!,x0EZv0LhNIk,2348162,best_smart_phones_of_2019
2018-12-29T10:15:28.000Z,28,Science & Technology,UCOhHO2ICt0ti9KAh-QHvttQ,Technical Guruji,5823,"Namaskaar Dosto, yeh ek bahut hi khaas video hai ek brand new series ki jaha maine aapse baat ki hai 2018 ke Top Smartphones ke baare mein alag alag categories mein. Yaha is video mein maine aapse baat ki hai 2018 ke Top 5 Worst Phones ke baare mein aur discuss kiya hai ki yeh phones kaunse hai aur kyu yeh is list ka hissa hai. Is saal hume India mein bahut se acche phones dekhne ko mile aur yaha pe is list mein sirf 5 phones ko shamil kiya hai but iske alawa bhi kaafi acche phones market mein hai. Yaha iPhone Xr se Vivo V9 aur Moto G6 Plus se lekar Blackberry Evolve tak bahut se phones shamil hai. Mujhe umeed hai ki aapko 2018 ke Top 5 Innovative phones ka yeh video pasand aayega. Share, Support, Subscribe!!!
Subscribe: http://bit.ly/1Wfsvt4
Android App: https://technicalguruji.in/app
Youtube: http://www.youtube.com/c/TechnicalGuruji Twitter: http://www.twitter.com/technicalguruji
Facebook: http://www.facebook.com/technicalguruji
Facebook Myself: https://goo.gl/zUfbUU
Instagram: http://instagram.com/technicalguruji
Google Plus: https://plus.google.com/+TechnicalGuruji
Website: https://technicalguruji.in/
Merchandise: http://shop.technicalguruji.in/
About : Technical Guruji is a YouTube Channel, where you will find technological videos in Hindi, New Video is Posted Everyday :)",2986,47590,Top 5 Worst Phones of 2018 - TG Picksüî•üî•üî•,zvn73D5jNHs,814917,worst_smart_phones_of_2019
2019-01-01T16:09:50.000Z,2,Autos & Vehicles,UCuxpxCCevIlF-k-K5YU8XPA,Scotty Kilmer,3937,"Worst trends. The Worst Trends in Modern Cars and trucks, DIY and car review with Scotty Kilmer. Modern car fails. Modern cars vs old cars and the problem with trends that are on new cars. The worst modern car designs of 2018. These new features might be trending now, but in the future we'll all be making fun of them. The worst trendy designs in new cars. Trends that need to die in 2019. Car Advice. DIY car repair with Scotty Kilmer, an auto mechanic for the last 51 years.
‚¨áÔ∏èScotty‚Äôs Top DIY Tools:
1. Bluetooth Scan Tool: http://amzn.to/2nfvmaD
2. Cheap Scan Tool: https://amzn.to/2D8Tvae
3. Professional Socket Set: http://amzn.to/2Bzmccg 4. Wrench Set: http://amzn.to/2kmBaOU
5. No Charging Required Car Jump Starter: https://amzn.to/2CthnUU
6. Battery Pack Car Jump Starter: http://amzn.to/2nrc6qR
‚¨áThings used in this video:
1. 4k Camera: https://amzn.to/2HkjavH
2. Camera Microphone: https://amzn.to/2Evn167
3. Camera Tripod: https://amzn.to/2Jwog8S
4. My computer for editing / uploading: https://amzn.to/2uUZ3lo
5. Video editing software: http://amzn.to/2jv5Fhf
6. Thumbnail software: http://amzn.to/2k7tz6C
üõ†Check out the tools I use and highly recommend ‚ñ∫ https://goo.gl/rwYt2y
üî•Scotty Shirts and Merch ‚ñ∫ https://goo.gl/pTAeca
Subscribe and hit the notification bell! ‚ñ∫ https://goo.gl/CFismN
Scotty on Social:
Facebook ‚ñ∫ https://www.facebook.com/scottymechanic/
Instagram ‚ñ∫ https://www.instagram.com/scotty_the_mechanic/
Twitter ‚ñ∫ https://twitter.com/Scottymechanic?lang=en
This is the people's automotive channel! The most honest and funniest car channel on YouTube. Never any sponsored content, just the truth about everything! Learn how to fix your car and how it works. Get a chance to show off your own car on Sundays. Or show off your own car mod on Wednesdays. Tool giveaways every Monday to help you with your own car projects. We have a new video every day! I've been an auto mechanic for the past 50 years and I'm here to share my knowledge with you.
‚ñ∫Here's our weekly video schedule:
Monday: Tool giveaway
Tuesday: Auto repair video
Wednesday: Viewers car mod show off
Thursday: Viewer Car Question Video AND Live Car Q&A
Friday: Auto repair video
Saturday: Second Live Car Q&A
Sunday: Viewers car show off
‚ñ∫Second Daily Upload Every Afternoon of Live Car Q&A videos as well!
Scotty Kilmer is a participant in the Amazon Influencer Program.
#subscribetoscotty",533,19773,The Worst Trends in Modern Cars and Trucks,n58ZqIqY2Js,667753,worst_car_trends
2019-01-02T05:21:52.000Z,28,Science & Technology,UCOhHO2ICt0ti9KAh-QHvttQ,Technical Guruji,3698,"Namaskaar Dosto, is video mein maine aapse baat ki hai January 2019 mein launch hone waale phones ke baare mein. Yaha pe is saal 2019 mein hume bahut se phones dekhne ko milenge aur kuch phones bahut kamaal hai. Yaha mein baat ki hai Honor View 20 ke baare mein, Nokia 9, Realme A1, Vivo Nex Dual Display, Moto G7, Samsung Folding Phone, Redmi Pro 2, Sam,sung M series aur bahut kuch. Mujhe umeed hai ki aapko Upcoming Smartphones ke baare mein yeh video pasand aayegi. Share, Support, Subscribe!!!
Subscribe: http://bit.ly/1Wfsvt4
Android App: https://technicalguruji.in/app
Youtube: http://www.youtube.com/c/TechnicalGuruji Twitter: http://www.twitter.com/technicalguruji
Facebook: http://www.facebook.com/technicalguruji
Facebook Myself: https://goo.gl/zUfbUU
Instagram: http://instagram.com/technicalguruji
Google Plus: https://plus.google.com/+TechnicalGuruji
Website: https://technicalguruji.in/
Merchandise: http://shop.technicalguruji.in/
About : Technical Guruji is a YouTube Channel, where you will find technological videos in Hindi, New Video is Posted Everyday :)",3480,61991,Top Upcoming Smartphones - January 2019 üî•üî•üî•,0EPTZyLvaQQ,1445217,best_smart_phones_of_2019
2019-01-21T17:29:22.000Z,28,Science & Technology,UCsTcErHg8oDvUnTzoqsYeNw,Unbox Therapy,7480,"So this is the best selling smartphone on Amazon currently.
Blu Vivo XL4 (USA Link) - https://amzn.to/2RVghJL
Blu Vivo XL4 (International) - http://geni.us/DEpB44
WATCH SOME MORE VIDEOS...
I'm Switching To The OnePlus 6T...
https://youtu.be/vC6b8kLpUXc
Is The iPhone Smart Battery Case Worth The Price?
https://youtu.be/UjJ33OhPDcQ
I've got some bad news.
https://youtu.be/4QDsqWkUvXQ
Switching To iPhone Could Save Your Life...
https://youtu.be/7WN0iLDqulM
This Is Not A Laptop...
https://youtu.be/WA-ugf9rmMg
Could This Actually Be The iPhone 11?
https://youtu.be/_hRDknrbpIQ
Cancel Save changes Can You Spot The Hidden Tech?
https://youtu.be/9wJGk99X-mc
The Foldable Smartphone You Can Buy Right Now
https://youtu.be/mgmgLmRBbUg
Apple Airpods Buyers Need To See This!
https://youtu.be/VSHzXsE_zN4
The Redmi Note 7 Could Be Smartphone Value Champion
https://youtu.be/mwiemk1pG_k
A Different Kind Of Smartphone...
https://youtu.be/lgl7PJxY6y8
Humans Are Physically Attacking Self-Driving Cars
https://youtu.be/We5jOR8djAY
Here's What A $5500 Smartphone Looks Like...
https://youtu.be/_Bs6F8jEuQM
The Samsung Galaxy M Will Have A Radical Price
https://youtu.be/pzb38YFnv30
The Most Minimalist Phone
https://youtu.be/0lZDDyAgnWs
The iPhone Will Be Made In India... But Why?
https://youtu.be/1oMJRjY_uoM
The iPad Pro Is Bending. I'm Not Happy.
https://youtu.be/QmV-HMwDueg
Can You Spot The Notch?
https://youtu.be/ykib2NjKtA0
The Best Noise Cancelling Headphones... Bose or Sony?
https://youtu.be/cRNqVGfy2O4
This Is Not A Flamethrower...
https://youtu.be/Hz6aQ7bRL8s
BUYER BEWARE
https://youtu.be/3GuJBolxAwk
Is It A Smartphone Or Is It A Laptop?
https://youtu.be/IpDoh7xYGjo
The Palm Phone actually fits in your palm
https://youtu.be/VToUrMnqKV4
They Sent A Special OnePlus 6T‚Ä¶
https://youtu.be/GFqGRjXGluY
Is The Surface Go A Real Computer?
https://youtu.be/wRABdjtkzsY
My Next Smartphone May Surprise You...
https://youtu.be/g25StPrw624
Wait... This Headset Does WHAT?
https://youtu.be/PCATqsHc7oE
The Truth About The iPad Pro...
https://youtu.be/JXqou3SVbMw
You‚Äôve Never Seen A Smartphone Like This‚Ä¶
https://youtu.be/zpuy3vjdVNQ
The Mind Bending 77-inch Wallpaper TV
https://youtu.be/tjedpFHFKhY
The Craziest Smartphone Yet...
https://youtu.be/tZsiEfnOp30
Can The Google Pixel Slate Beat The iPad Pro?
https://youtu.be/lccvHF4ODNY
Is The Huawei Mate 20 Pro As Good As They Say?
https://youtu.be/peYgzUIOUp8
Is Nokia Back?
https://youtu.be/mXjZMleiJZs
I‚Äôm quitting computers
https://youtu.be/w3oRJeReP8g
Is The Surface Laptop 2 The Perfect Laptop?
https://youtu.be/Ht2L6wSEjHQ
The Enormous Microsoft Surface Studio 2
https://youtu.be/YZ489u3w7i0
The Addictive Sliding Smartphone...
https://www.youtube.com/watch?v=6vKQxTV366c&index=2&list=PL7u4lWXQ3wfI_7PgX0C-VTiwLeu0S4v34&t=8s
The Incredible Dual Screen Smartphone‚Ä¶
https://youtu.be/hcDrGYyemDw?list=PL7...
Is The iPad Pro Worth Laptop Money?
https://youtu.be/FGJWE_qcOAM?list=PL7...
Is This The Best Laptop For Most People?
https://youtu.be/8eMdpKwEvRw?list=PL7...
The Project Tesla Solar Powered Smartphone
https://youtu.be/NVO5XgJlL9Y?list=PL7...
3 Unusual Gadgets With Secret Features...
https://youtu.be/zNxR4gPm82I?list=PL7...
OnePlus 6T - Is This My Next Smartphone?
https://youtu.be/KI6ZJTSja4s?list=PL7...
Unboxing Every iPhone XR
https://youtu.be/u_MmxV2vNs8?list=PL7...
Unboxing a $1300 Professional Fighting Robot
https://youtu.be/X7MpHzdscUk?list=PL7...
Is The Pixel 3 A Scratch Magnet?
https://youtu.be/VX0sA_-h0-o?list=PL7...
This Smartphone Will Change Everything...
https://youtu.be/a1OUaxl2iiI?list=PL7...
Is This The Most Underrated Smartphone Right Now?
https://youtu.be/xXdEn9ZiRDk?list=PL7...
Razer Phone 2 Unboxing - Can It Compete?
https://youtu.be/khxLE4EBoTc?list=PL7...
I'm Switching To The Google Pixel 3 XL...
https://youtu.be/EeFqcmaw6iA?list=PL7...
The iPhone XS Max Is Great. Don't Buy It.
https://youtu.be/2ccjWGaZe3k?list=PL7...
Unboxing Every Google Pixel 3 XL + Pixel 3
https://youtu.be/BJrsmM6aEYE?list=PL7...
This Smartphone Has 5 Cameras‚Ä¶ But Why?
https://youtu.be/LNa93qmP868?list=PL7...
The iPhone XS Has A Serious Problem...
https://youtu.be/J_lRJuQtBmc?list=PL7...
Realme 2 Pro Unboxing - The $200 Real Deal
https://youtu.be/pNzhLB6vSGQ?list=PL7...
My iPhone XS Max Is Doing Something Weird...
https://youtu.be/Q3GGdtn9poo?list=PL7...
I'm Switching To The iPhone XS Max...
https://youtu.be/SeZsW1o-jaA?list=PL7...
Unboxing Every iPhone XS + XS Max
https://youtu.be/XFckmtISfJk?list=PL7...
iPhone XS + XR Actual Battery Capacity Revealed
https://youtu.be/M-0hj4tmHNA?list=PL7...
The iPhone XR Is Depressing...
https://youtu.be/rpeFbaf6XkM?list=PL7...
FOLLOW ME IN THESE PLACES FOR UPDATES
Twitter - http://twitter.com/unboxtherapy
Facebook - http://facebook.com/lewis.hilsenteger
Instagram - http://instagram.com/unboxtherapy
Google Plus - http://bit.ly/1auEeak",2400,55933,It&#39;s The Best Selling Smartphone On Amazon... But Why?,tfUbcks-87M,2929317,best_smart_phones_of_2019
2019-01-27T17:30:31.000Z,28,Science & Technology,UCsTcErHg8oDvUnTzoqsYeNw,Unbox Therapy,3534,"Which is the best smartphone camera in 2019? iPhone XS, Pixel 3, Huawei Mate 20 Pro or something else?
MKBHD - https://youtube.com/mkbhd
WATCH SOME MORE VIDEOS...
Check Out The Back Of This Smartphone
https://youtu.be/2cQksMzOIYI
The iPhone XI Smartphone Powered Laptop
https://youtu.be/I0u_pyaqGwY
The Top Wireless Earbuds On Amazon Are Only $17
https://youtu.be/dTLmJWqZY1Q
Does MKBHD Like The Xiaomi Folding Phone?
https://youtu.be/HolBPRcf8C8
You Guys Asked For Weird Gadgets...
https://youtu.be/R0lbCetv4Xw
The World's Smallest Bluetooth Speaker
https://youtu.be/F0u-n3yNtpE
It's The Best Selling Smartphone On Amazon... But Why?
https://youtu.be/tfUbcks-87M
I'm Switching To The OnePlus 6T...
https://youtu.be/vC6b8kLpUXc
Is The iPhone Smart Battery Case Worth The Price?
https://youtu.be/UjJ33OhPDcQ
I've got some bad news.
https://youtu.be/4QDsqWkUvXQ
Switching To iPhone Could Save Your Life...
https://youtu.be/7WN0iLDqulM
This Is Not A Laptop...
https://youtu.be/WA-ugf9rmMg
Could This Actually Be The iPhone 11?
https://youtu.be/_hRDknrbpIQ
Cancel Save changes Can You Spot The Hidden Tech?
https://youtu.be/9wJGk99X-mc
The Foldable Smartphone You Can Buy Right Now
https://youtu.be/mgmgLmRBbUg
Apple Airpods Buyers Need To See This!
https://youtu.be/VSHzXsE_zN4
The Redmi Note 7 Could Be Smartphone Value Champion
https://youtu.be/mwiemk1pG_k
A Different Kind Of Smartphone...
https://youtu.be/lgl7PJxY6y8
Humans Are Physically Attacking Self-Driving Cars
https://youtu.be/We5jOR8djAY
Here's What A $5500 Smartphone Looks Like...
https://youtu.be/_Bs6F8jEuQM
The Samsung Galaxy M Will Have A Radical Price
https://youtu.be/pzb38YFnv30
The Most Minimalist Phone
https://youtu.be/0lZDDyAgnWs
The iPhone Will Be Made In India... But Why?
https://youtu.be/1oMJRjY_uoM
The iPad Pro Is Bending. I'm Not Happy.
https://youtu.be/QmV-HMwDueg
Can You Spot The Notch?
https://youtu.be/ykib2NjKtA0
The Best Noise Cancelling Headphones... Bose or Sony?
https://youtu.be/cRNqVGfy2O4
This Is Not A Flamethrower...
https://youtu.be/Hz6aQ7bRL8s
BUYER BEWARE
https://youtu.be/3GuJBolxAwk
Is It A Smartphone Or Is It A Laptop?
https://youtu.be/IpDoh7xYGjo
The Palm Phone actually fits in your palm
https://youtu.be/VToUrMnqKV4
They Sent A Special OnePlus 6T‚Ä¶
https://youtu.be/GFqGRjXGluY
Is The Surface Go A Real Computer?
https://youtu.be/wRABdjtkzsY
My Next Smartphone May Surprise You...
https://youtu.be/g25StPrw624
Wait... This Headset Does WHAT?
https://youtu.be/PCATqsHc7oE
The Truth About The iPad Pro...
https://youtu.be/JXqou3SVbMw
You‚Äôve Never Seen A Smartphone Like This‚Ä¶
https://youtu.be/zpuy3vjdVNQ
The Mind Bending 77-inch Wallpaper TV
https://youtu.be/tjedpFHFKhY
The Craziest Smartphone Yet...
https://youtu.be/tZsiEfnOp30
Can The Google Pixel Slate Beat The iPad Pro?
https://youtu.be/lccvHF4ODNY
Is The Huawei Mate 20 Pro As Good As They Say?
https://youtu.be/peYgzUIOUp8
Is Nokia Back?
https://youtu.be/mXjZMleiJZs
I‚Äôm quitting computers
https://youtu.be/w3oRJeReP8g
Is The Surface Laptop 2 The Perfect Laptop?
https://youtu.be/Ht2L6wSEjHQ
The Enormous Microsoft Surface Studio 2
https://youtu.be/YZ489u3w7i0
The Addictive Sliding Smartphone...
https://www.youtube.com/watch?v=6vKQxTV366c&index=2&list=PL7u4lWXQ3wfI_7PgX0C-VTiwLeu0S4v34&t=8s
The Incredible Dual Screen Smartphone‚Ä¶
https://youtu.be/hcDrGYyemDw?list=PL7...
Is The iPad Pro Worth Laptop Money?
https://youtu.be/FGJWE_qcOAM?list=PL7...
Is This The Best Laptop For Most People?
https://youtu.be/8eMdpKwEvRw?list=PL7...
The Project Tesla Solar Powered Smartphone
https://youtu.be/NVO5XgJlL9Y?list=PL7...
3 Unusual Gadgets With Secret Features...
https://youtu.be/zNxR4gPm82I?list=PL7...
OnePlus 6T - Is This My Next Smartphone?
https://youtu.be/KI6ZJTSja4s?list=PL7...
Unboxing Every iPhone XR
https://youtu.be/u_MmxV2vNs8?list=PL7...
Unboxing a $1300 Professional Fighting Robot
https://youtu.be/X7MpHzdscUk?list=PL7...
Is The Pixel 3 A Scratch Magnet?
https://youtu.be/VX0sA_-h0-o?list=PL7...
This Smartphone Will Change Everything...
https://youtu.be/a1OUaxl2iiI?list=PL7...
Is This The Most Underrated Smartphone Right Now?
https://youtu.be/xXdEn9ZiRDk?list=PL7...
I'm Switching To The Google Pixel 3 XL...
https://youtu.be/EeFqcmaw6iA?list=PL7...
The iPhone XS Max Is Great. Don't Buy It.
https://youtu.be/2ccjWGaZe3k?list=PL7...
Unboxing Every Google Pixel 3 XL + Pixel 3
https://youtu.be/BJrsmM6aEYE?list=PL7...
This Smartphone Has 5 Cameras‚Ä¶ But Why?
https://youtu.be/LNa93qmP868?list=PL7...
The iPhone XS Has A Serious Problem...
https://youtu.be/J_lRJuQtBmc?list=PL7...
My iPhone XS Max Is Doing Something Weird...
https://youtu.be/Q3GGdtn9poo?list=PL7...
FOLLOW ME IN THESE PLACES FOR UPDATES
Twitter - http://twitter.com/unboxtherapy
Facebook - http://facebook.com/lewis.hilsenteger
Instagram - http://instagram.com/unboxtherapy
Google Plus - http://bit.ly/1auEeak",1032,45201,MKBHD Picks The Best Smartphone Camera,h2whiFy6aBY,1375657,best_smart_phones_of_2019
2019-02-01T10:11:16.000Z,28,Science & Technology,UCOhHO2ICt0ti9KAh-QHvttQ,Technical Guruji,4000,"Namaskaar Dosto, is video mein maine aapse baat ki hai February 2019 mein launch hone waale phones ke baare mein. Yaha pe is saal 2019 mein hume bahut se phones dekhne ko milenge aur kuch phones bahut interesting hai. Yaha mein baat ki hai Redmi Note 7, Redmi Note 7 Pro, Redmi Go ke baare mein, Nokia 9, Nokia 1 Plus, Nokia 6.2 ke baare mein, Samsung Galaxy S10 Launch, Oppo K1, Vivo V15 Pro, LG G8 ThinQ, Realme 3 aur bahut se phones ke baare mein. Mujhe umeed hai ki aapko Upcoming Smartphones ke baare mein yeh video pasand aayegi. Share, Support, Subscribe!!!
Subscribe: http://bit.ly/1Wfsvt4
Android App: https://technicalguruji.in/app
Youtube: http://www.youtube.com/c/TechnicalGuruji Twitter: http://www.twitter.com/technicalguruji
Facebook: http://www.facebook.com/technicalguruji
Facebook Myself: https://goo.gl/zUfbUU
Instagram: http://instagram.com/technicalguruji
Google Plus: https://plus.google.com/+TechnicalGuruji
Website: https://technicalguruji.in/
Merchandise: http://shop.technicalguruji.in/
About : Technical Guruji is a YouTube Channel, where you will find technological videos in Hindi, New Video is Posted Everyday :)",3584,37286,Top Upcoming Smartphones - February 2019 üî•üî•üî•,OhdQw4nZ3YA,727108,best_smart_phones_of_2019
2019-02-15T15:44:36.000Z,28,Science & Technology,UCsTcErHg8oDvUnTzoqsYeNw,Unbox Therapy,7090,"This is not a great smartphone. Avoid this smartphone.
V Mobile N8-N - https://amzn.to/2ItrldF
WATCH SOME MORE VIDEOS...
The Best Selling 4K TV On Amazon...
https://youtu.be/zG1D90UefzM
The Futuristic Bone Conduction Sunglasses
https://youtu.be/uUG1_OAr7Tw
The Weirdest Gadget On Amazon...
https://youtu.be/z37LPoMCRcI
The World's Thinnest Mechanical Keyboard
https://youtu.be/-tZaqcLasFs
Nike Adapt BB Unboxing - Futuristic Self Lacing Sneakers
https://youtu.be/hViOYZVMiWs
They Call It An Invisible Laptop Stand...
https://youtu.be/STnS1AwPgxg
The Most Insane $40,000 Gaming Setup
https://youtu.be/Nd33S6C4lwc
Galaxy S10 Pricing Revealed - This could be a problem.
https://youtu.be/QOoJhMuhhWU
Unboxing The $1300 Bluetooth Speaker
https://youtu.be/IJue4uVwVoo
Dave2D Says Don't Buy These Laptops
https://youtu.be/EAOdW4SjcyI
Lose Weight Without Exercise
https://youtu.be/K76L9TWdfh0
OnePlus Beats iPhone In India
https://youtu.be/jdXQZW8qgrs
The Flashiest Smartphone Ever...
https://youtu.be/P87s4drAMrA
Don't Make This AirPods Mistake...
https://youtu.be/5a8m6IllczM
The Best Selling Wireless Speaker On Amazon
https://youtu.be/N826TtJWxu4
Your iPhone Has Been Compromised.
https://youtu.be/5AfKTICV2aQ
Is This Laptop Too ""Extreme""?
https://youtu.be/dTCcegIiKXE
MKBHD Picks The Best Smartphone Camera
https://youtu.be/h2whiFy6aBY
Check Out The Back Of This Smartphone
https://youtu.be/2cQksMzOIYI
The iPhone XI Smartphone Powered Laptop
https://youtu.be/I0u_pyaqGwY
The Top Wireless Earbuds On Amazon Are Only $17
https://youtu.be/dTLmJWqZY1Q
Does MKBHD Like The Xiaomi Folding Phone?
https://youtu.be/HolBPRcf8C8
You Guys Asked For Weird Gadgets...
https://youtu.be/R0lbCetv4Xw
The World's Smallest Bluetooth Speaker
https://youtu.be/F0u-n3yNtpE
It's The Best Selling Smartphone On Amazon... But Why?
https://youtu.be/tfUbcks-87M
I'm Switching To The OnePlus 6T...
https://youtu.be/vC6b8kLpUXc
Is The iPhone Smart Battery Case Worth The Price?
https://youtu.be/UjJ33OhPDcQ
I've got some bad news.
https://youtu.be/4QDsqWkUvXQ
Switching To iPhone Could Save Your Life...
https://youtu.be/7WN0iLDqulM
This Is Not A Laptop...
https://youtu.be/WA-ugf9rmMg
Could This Actually Be The iPhone 11?
https://youtu.be/_hRDknrbpIQ
Cancel Save changes Can You Spot The Hidden Tech?
https://youtu.be/9wJGk99X-mc
The Foldable Smartphone You Can Buy Right Now
https://youtu.be/mgmgLmRBbUg
Apple Airpods Buyers Need To See This!
https://youtu.be/VSHzXsE_zN4
The Redmi Note 7 Could Be Smartphone Value Champion
https://youtu.be/mwiemk1pG_k
A Different Kind Of Smartphone...
https://youtu.be/lgl7PJxY6y8
Humans Are Physically Attacking Self-Driving Cars
https://youtu.be/We5jOR8djAY
Here's What A $5500 Smartphone Looks Like...
https://youtu.be/_Bs6F8jEuQM
The Samsung Galaxy M Will Have A Radical Price
https://youtu.be/pzb38YFnv30
The Most Minimalist Phone
https://youtu.be/0lZDDyAgnWs
The iPhone Will Be Made In India... But Why?
https://youtu.be/1oMJRjY_uoM
The iPad Pro Is Bending. I'm Not Happy.
https://youtu.be/QmV-HMwDueg
Can You Spot The Notch?
https://youtu.be/ykib2NjKtA0
The Best Noise Cancelling Headphones... Bose or Sony?
https://youtu.be/cRNqVGfy2O4
This Is Not A Flamethrower...
https://youtu.be/Hz6aQ7bRL8s
BUYER BEWARE
https://youtu.be/3GuJBolxAwk
Is It A Smartphone Or Is It A Laptop?
https://youtu.be/IpDoh7xYGjo
The Palm Phone actually fits in your palm
https://youtu.be/VToUrMnqKV4
They Sent A Special OnePlus 6T‚Ä¶
https://youtu.be/GFqGRjXGluY
Is The Surface Go A Real Computer?
https://youtu.be/wRABdjtkzsY
My Next Smartphone May Surprise You...
https://youtu.be/g25StPrw624
Wait... This Headset Does WHAT?
https://youtu.be/PCATqsHc7oE
The Truth About The iPad Pro...
https://youtu.be/JXqou3SVbMw
You‚Äôve Never Seen A Smartphone Like This‚Ä¶
https://youtu.be/zpuy3vjdVNQ
The Mind Bending 77-inch Wallpaper TV
https://youtu.be/tjedpFHFKhY
The Craziest Smartphone Yet...
https://youtu.be/tZsiEfnOp30
Can The Google Pixel Slate Beat The iPad Pro?
https://youtu.be/lccvHF4ODNY
Is The Huawei Mate 20 Pro As Good As They Say?
https://youtu.be/peYgzUIOUp8
Is Nokia Back?
https://youtu.be/mXjZMleiJZs
I‚Äôm quitting computers
https://youtu.be/w3oRJeReP8g
Is The Surface Laptop 2 The Perfect Laptop?
https://youtu.be/Ht2L6wSEjHQ
The Enormous Microsoft Surface Studio 2
https://youtu.be/YZ489u3w7i0
The Incredible Dual Screen Smartphone‚Ä¶
https://youtu.be/hcDrGYyemDw?list=PL7...
Is The iPad Pro Worth Laptop Money?
https://youtu.be/FGJWE_qcOAM?list=PL7...
Is This The Best Laptop For Most People?
https://youtu.be/8eMdpKwEvRw?list=PL7...
Unboxing Every iPhone XR
https://youtu.be/u_MmxV2vNs8?list=PL7...
FOLLOW ME IN THESE PLACES FOR UPDATES
Twitter - http://twitter.com/unboxtherapy
Facebook - http://facebook.com/lewis.hilsenteger
Instagram - http://instagram.com/unboxtherapy",2233,74072,This Is The Worst Smartphone.,a1Zv83PL9XQ,2985290,worst_smart_phones_of_2019
2019-02-18T15:00:08.000Z,27,Education,UCWv7vMbMWH4-V0ZXdmDpPBA,Programming with Mosh,4676,"Watch this Python tutorial for beginners to learn Python programming from scratch. Includes exercises and projects.
üëçSubscribe for more Python tutorials like this: https://goo.gl/6PYaGF
üìïGet My FREE Python Cheat Sheet:
http://bit.ly/2Gp80s6
üî•Get My Complete Python Programming Course with a 90% Discount (LIMITED to the first 200 students):
https://goo.gl/P64rZ8
#Python, #MachineLearning, #WebDevelopment
üîóSupplementary Materials (Spreadsheet):
https://goo.gl/x77mLc
üìîPython Exercises for Beginners
https://goo.gl/1XnQB1
‚≠êMy Favorite Python Books
- Python Crash Course: https://amzn.to/2GqMdjG
- Automate the Boring Stuff with Python: https://amzn.to/2N71d6S
- A Smarter Way to Learn Python: https://amzn.to/2UZa6lE
- Machine Learning for Absolute Beginners: https://amzn.to/2Gs0koL
- Hands-on Machine Learning with scikit-learn and TensorFlow: https://amzn.to/2IdUuJy
TABLE OF CONTENT
00:00:00 Introduction
00:01:49 Installing Python 3
00:06:10 Your First Python Program
00:08:11 How Python Code Gets Executed 00:11:24 How Long It Takes To Learn Python 00:13:03 Variables
00:18:21 Receiving Input
00:22:16 Python Cheat Sheet
00:22:46 Type Conversion
00:29:31 Strings
00:37:36 Formatted Strings
00:40:50 String Methods
00:48:33 Arithmetic Operations
00:51:33 Operator Precedence
00:55:04 Math Functions
00:58:17 If Statements
01:06:32 Logical Operators
01:11:25 Comparison Operators
01:16:17 Weight Converter Program 01:20:43 While Loops
01:24:07 Building a Guessing Game
01:30:51 Building the Car Game
01:41:48 For Loops
01:47:46 Nested Loops
01:55:50 Lists
02:01:45 2D Lists
02:05:11 My Complete Python Course 02:06:00 List Methods
02:13:25 Tuples
02:15:34 Unpacking
02:18:21 Dictionaries
02:26:21 Emoji Converter
02:30:31 Functions
02:35:21 Parameters
02:39:24 Keyword Arguments 02:44:45 Return Statement
02:48:55 Creating a Reusable Function 02:53:42 Exceptions
02:59:14 Comments
03:01:46 Classes
03:07:46 Constructors
03:14:41 Inheritance
03:19:33 Modules
03:30:12 Packages
03:36:22 Generating Random Values
03:44:37 Working with Directories 03:50:47 Pypi and Pip
03:55:34 Project 1: Automation with Python
04:10:22 Project 2: Machine Learning with Python 04:58:37 Project 3: Building a Website with Django Stay in Touch:
https://www.facebook.com/programmingwithmosh/
https://twitter.com/moshhamedani
http://programmingwithmosh.com",319,51699,Python Tutorial for Beginners | Full Python Programming Course [2019],_uQrJ0TkZlc,1180780,how_to_program_python
2019-02-27T11:02:04.000Z,28,Science & Technology,UCMiJRAwDNSNzuYeN2uWa0pA,Mrwhosetheboss,12407,"These three new Android Smartphones from Energizer in 2019 are some of the best value phones I've seen recently. One in particular though....stands out...
PRODUCT PAGE: http://igg.me/at/P18Ksmartphone
üòÑ Subscribe for more content (IT'S FREE) üòÑ : https://goo.gl/pLg6fE
It would make my day if you could also follow me on:
üåà Instagram: https://goo.gl/OUqBBa
üê¶ Twitter: https://goo.gl/EFhwqL
üòä Facebook: https://goo.gl/Aluzl1
Help support the channel when shopping on Amazon:
Amazon US: https://goo.gl/3yS2aP
Amazon UK: https://goo.gl/gvrsGZ
My Filming Gear:
https://goo.gl/5HKrBp
Music is from Epidemic sound, and HomageBeats:
https://www.youtube.com/user/homage253",3239,68492,This Smartphone lasts 50 DAYS without Charging.,Yz8VcDWgpIM,3720009,best_smart_phones_of_2019
2019-03-04T07:37:44.000Z,28,Science & Technology,UCOhHO2ICt0ti9KAh-QHvttQ,Technical Guruji,17224,"Namaskaar Dosto, is video mein maine aapse Realme 3 Smartphone ke baare mein baat ki hai aur share ki hai iski Unboxing aur Overview. Realme 3 mein 6.2"" HD+ Screen hai Notch ke saath mein aur isme hai MediaTek P70 processor saath mein hai 3GB/4GB RAM aur 32GB/64GB ki Internal Storage. Realme 3 mein Dual Rear camera setup 13MP + 2MP aur saath mein 13MP front facing camera. Realme 3 mein 4230mAh ki battery hai. Iske alawa isme Fingerprint Scanner aur Face Unlock ka option bhi hai. Mujhe umeed hai ki aapko Realme 3 ki yeh Unboxing aur First Look video pasand aayegi. Realme 3 ki price hai 8,999 INR for 3GB/32GB aur 10,999INR 4GB/64GB option ke liye. Share, Support, Subscribe!!!
Subscribe: http://bit.ly/1Wfsvt4
Android App: https://technicalguruji.in/app
Youtube: http://www.youtube.com/c/TechnicalGuruji Twitter: http://www.twitter.com/technicalguruji
Facebook: http://www.facebook.com/technicalguruji
Facebook Myself: https://goo.gl/zUfbUU
Instagram: http://instagram.com/technicalguruji
Google Plus: https://plus.google.com/+TechnicalGuruji
Website: https://technicalguruji.in/
Merchandise: http://shop.technicalguruji.in/
About : Technical Guruji is a YouTube Channel, where you will find technological videos in Hindi, New Video is Posted Everyday :)",6731,135035,Realme 3 Unboxing &amp; First Look - Best Performance in Budgetüî•üî•üî•,ul1VEKwD5gU,3366123,best_smart_phones_of_2019
2019-04-01T10:19:05.000Z,28,Science & Technology,UCOhHO2ICt0ti9KAh-QHvttQ,Technical Guruji,4971,"Namaskar Dosto, is video mein maine aapse baat ki hai April 2019 mein launch hone waale phones ke baare mein. Yaha pe is saal 2019 mein hume bahut se phones dekhne ko milenge aur kuch phones bahut interesting hai. Yaha mein baat ki hai Redmi 7, Galaxy A Series, Galaxy A40, Galaxy A60, Galaxy A70, Galaxy A90 ke baare mein, Nokia 9, Nokia 1 Plus, Nokia 3.2, Nokia 4.2, Nokia 1 Plus ke baare mein, Oppo Reno aur Reno Lite ke baare mein, Vivo IQOO, Realme 3 Pro ke baare mein, Red Magic Mars, Black Shark 2 aur bahut se phones ke baare mein. Mujhe umeed hai ki aapko Upcoming Smartphones ke baare mein yeh video pasand aayegi. Share, Support, Subscribe!!!
Subscribe: http://bit.ly/1Wfsvt4
Android App: https://technicalguruji.in/app
Youtube: http://www.youtube.com/c/TechnicalGuruji Twitter: http://www.twitter.com/technicalguruji
Facebook: http://www.facebook.com/technicalguruji
Facebook Myself: https://goo.gl/zUfbUU
Instagram: http://instagram.com/technicalguruji
Google Plus: https://plus.google.com/+TechnicalGuruji
Website: https://technicalguruji.in/
Merchandise: http://shop.technicalguruji.in/
About : Technical Guruji is a YouTube Channel, where you will find technological videos in Hindi, New Video is Posted Everyday :)",1339,33119,Top Upcoming Smartphones - April 2019 üî•üî•üî•,p7gXR1fqsck,544942,best_smart_phones_of_2019
2019-04-03T16:29:46.000Z,28,Science & Technology,UCsTcErHg8oDvUnTzoqsYeNw,Unbox Therapy,5948,"The Huawei P30 Pro is the latest flagship smartphone from Huawei. I'll be switching from the Samsung Galaxy S10 to the Huawei P30 Pro in order to determine which is the best smartphone so far in 2019.
FOLLOW ME IN THESE PLACES FOR UPDATES
Twitter - http://twitter.com/unboxtherapy
Facebook - http://facebook.com/lewis.hilsenteger
Instagram - http://instagram.com/unboxtherapy",3883,36599,I&#39;m switching to the Huawei P30 Pro,1amf3cR29bU,1691169,best_smart_phones_of_2019
2019-04-10T16:00:16.000Z,28,Science & Technology,UCsTcErHg8oDvUnTzoqsYeNw,Unbox Therapy,3200,"Google Pixel 3 (Amazon Renewed) - https://amzn.to/2GcSzBQ
The Google Pixel 3 (and Pixel 3 XL) still represents one of the best smartphone cameras on the market. Now through Amazon's renewed program you can pick one up for a lower price than ever before.
FOLLOW ME IN THESE PLACES FOR UPDATES
Twitter - http://twitter.com/unboxtherapy
Facebook - http://facebook.com/lewis.hilsenteger
Instagram - http://instagram.com/unboxtherapy",1494,34063,The Best Smartphone Deal Right Now.,YCvAGO53wiQ,1316189,best_smart_phones_of_2019
2019-04-22T10:48:54.000Z,28,Science & Technology,UCMiJRAwDNSNzuYeN2uWa0pA,Mrwhosetheboss,2701,"You've heard about the Huawei Mate X, Samsung Galaxy Fold, Galaxy S10, Huawei P30 Pro, OnePlus 7, which 2019 smartphones are the BEST so far? Here are my Top 15 smartphones for 2019! Subscribe for more content (IT'S FREE) : https://goo.gl/pLg6fE
It would make my day if you could also follow me on:
üåà Instagram: https://goo.gl/OUqBBa
üê¶ Twitter: https://goo.gl/EFhwqL
üòä Facebook: https://goo.gl/Aluzl1
Help support the channel when shopping on Amazon:
Amazon US: https://goo.gl/3yS2aP
Amazon UK: https://goo.gl/gvrsGZ
My Filming Gear:
https://goo.gl/5HKrBp
Music is from Epidemic sound, and HomageBeats:
https://www.youtube.com/user/homage253",1118,22446,Top 15 BEST Smartphones of 2019 (Mid Year).,rvK2eedlaXY,628198,best_smart_phones_of_2019
2019-05-20T10:48:54.000Z,28,Science & Technology,UCsTcErHg8oDvUnTzoqsYeNw,Unbox Therapy,15167,"Huawei has lost it's Android license from Google as a result of recent restrictions imposed by the US government. The restrictions will cause a ripple effect within the industry and the implications are significant. It won't just be Google and Huawei affected. Intel, Qualcomm, Broadcom and others could also suffer.
Subscribe for more internet + tech news.
Email questions to will [at] lewlater dot com
FOLLOW ME IN THESE PLACES
https://twitter.com/lewlater
https://instagram.com/lewlater
https://facebook.com/lewlater",28000,1600,Is This The End Of Huawei?,asKteF1Jn_c,1114215,is_this_the_end_of_huawei